Company Name*,Contact Person*,Email*,Phone*,JobName*,JobID,Location - Address*,Location - City*,Location - State*,Location - Country*,Location - ZIP*,Standard Fuel Type*,NonStandard Fuel Type*,NonStandard Fuel Description,Min Quantity,Max Quantity*,PPG/PPL*,City Rack/Terminal,Delivery Date*,Delivery End Date,Delivery Start Time*,Delivery End Time*,Single/Multiple Delivery*,Driver First Name,Driver Last Name,Driver Email,Common Fee(s),Other Fee(s),PO#,Onsite Contact Email,Onsite Contact Name,Onsite Contact Phone,Delivery Schedules - Date,Start Time,End Time,Quantity,Asset Name,CatClass,Make,Model,Year,Is Buy And Sell Order,Company Brokering For,Is Third Party Hardware Used,Invoice Preference,Vendor Id,Customer Number,Ship To,Source,Product Code,Freight Fee,Brokered Order Additional Fee(s),Broker Markup,Supplier Markup,Order Taxes
Buyer Account 3,John Smith Jr,customer1234@email.me,1234567888,11111,12345,3991 MacArthur Blvd,Newport Beach,CA,USA,92660,Red Dye Diesel #2 - ULS,,,,5000,RackAvg + $0.25,Albany Rack NY,5/28/2018,6/25/2018,8:00AM,5:00PM,Single,DriverFirstName,DriverLastName,driveremail@email.me,WetHoseFee PerAsset $10 NotIncludeInPPG;EnvironmentalFee FlatFee $10 NotIncludeInPPG,Other-sample-fee1 FlatFee $10 NotIncludeInPPG;Other-sample-fee2 PerGallon $15 NotIncludeInPPG,WithOtherFees1,,,,,,,,,,,,,No,,,,,,,,,,,,,
Buyer Account 3,John Smith Jr,customer1235@email.me,1234567888,22222,JB234,2223 Fulton St,Berkeley,CA,USA,94704,Conv. 89 Unleaded,,,,2500,RackLow + %5,,5/30/2018,,8:00AM,5:00PM,Multiple,DriverFirstName,DriverLastName,driveremail@email.me,WetHoseFee PerAsset $10 IncludeInPPG Weekend;Under 100 Gallons FlatFee $20 IncludeInPPG;EnvironmentalFee FlatFee $10 NotIncludeInPPG,Other-sample-fee1 FlatFee $10 IncludeInPPG SpecialDate 12/17/2018;Other-sample-fee2 PerGallon $15 NotIncludeInPPG,,,,,5/1/2018,8:00AM,5:00PM,500,,,,,,No,,,,,,,,,,,,,
Buyer Account 4,John Smith Jr,customer1236@email.me,1234567888,33333,JOB12,2223 Fulton St,Berkeley,CA,USA,94704,Conv. 89 Unleaded,,,,7000,RackHigh + %5,,5/30/2018,,8:00AM,5:00PM,Multiple,,,,WetHoseFee PerAsset $10 IncludeInPPG SpecialDate 11/12/2018;DeliveryFee ByQuantity 1-2000-$50|2001-7000-$40 IncludeInPPG SpecialDate 12/17/2018,Other-fee1 FlatFee $10 includeinppg Weekend,,,,,5/2/2018,8:00AM,5:00PM,1500,,,,,,Yes,Mansfield,Yes,SendBrokerDataFileToBroker,3395,28004,1,2801,80,PerRoute $0.12,Other-Fee FlatFee $150;Other-Fee1 PerGallon $80,$3.10,$1,
Buyer Account 3,John Smith Jr,customer1237@email.me,1234567888,44444,,2223 Fulton St,Berkeley,CA,USA,94704,Conv. 89 Unleaded,,,,2500,RackLow + %5,,5/30/2018,,8:00AM,5:00PM,Multiple,,,,,,,,,,5/3/2018,8:00AM,5:00PM,2500,,,,,,Yes,Mansfield,,SendBrokerDataFileToBroker,3395,11961,42,2801,80,PerAsset $0.5,Other-Fee FlatFee $15,$4.60,$1.80,
Buyer Account 6,John Smith Jr,customer1237@email.me,1234567888,55555,,2223 Fulton St,Berkeley,CA,USA,94704,Red Dye Diesel #2 - ULS,,,,5700,RackLow + %5,Aberdeen Rack MS,5/30/2018,,8:00AM,5:00PM,Multiple,,,,,,,,,,5/3/2018,8:00AM,5:00PM,5700,1234,,,,,Yes,Mansfield,,SendBrokerDataFileToBroker,3395,40004,A4,2800,72,PerGallon $0.31,Other-Fee FlatFee $15,,,
Buyer Account 3,John Smith Jr,customer1237@email.me,1234567888,88888,,2223 Fulton St,Berkeley,CA,USA,94704,Red Dye Diesel #2 - ULS,,,,700,RackAvg + %5,,5/30/2018,,8:00AM,5:00PM,Multiple,,,,,,,,,,5/3/2018,8:00AM,5:00PM,5700,1234,,,,,Yes,Mansfield,No,,,,,,,,,,,
Buyer Account 4,Alex B,customer37@email.me,1234567888,66666,,130 Queen St W,Toronto,ON,CAN,M5H 4G1,Clear Diesel #2 - ULS,,,,5000,$2.50,,4/26/2018,7/20/2018,8:00AM,5:00PM,Single,,,,DeliveryFee PerLitre $0.5 NotIncludeInPPG;Under 100 Litres FlatFee $20 IncludeInPPG,,SFPO123,,,,,,,,John Deere 270 Series II Skid Steer Loader,Boom Lift,BMNW,CLASS-A,2018,No,,,,,,,,,,,,,
Buyer Account 4,Alex B,customer37@email.me,1234567888,66666,,130 Queen St W,Toronto,ON,CAN,M5H 4G1,Clear Diesel #2 - ULS,,,,5000,$2.50,,4/26/2018,,8:00AM,5:00PM,Single,,,,DeliveryFee PerLitre $0.5 NotIncludeInPPG;Under 100 Litres FlatFee $20 IncludeInPPG,,SFPO123,,,,,,,,JLG Boom Lift,,,,,No,,,,,,,,,,,,,
Buyer Account 4,Alex B,customer37@email.me,1234567888,66666,,130 Queen St W,Toronto,ON,CAN,M5H 4G1,,Other Product21,Other Product21 Desc,,5000,$2.50,,4/26/2018,,8:00AM,5:00PM,Single,,,,DeliveryFee PerLitre $0.5 NotIncludeInPPG;Under 100 Litres FlatFee $20 IncludeInPPG,,SFPO123,,,,,,,,JCB Wheel Loader,Wheel Loader,,,,No,,,,,,,,,,,,,dollarontotalamount $10 desc;percentagepergallon 12% desc2
Buyer Account 4,Alex B,customer37@email.me,1234567888,66666,,130 Queen St W,Toronto,ON,CAN,M5H 4G1,Clear Diesel #2 - ULS,,,,5000,$2.50,,4/26/2018,,8:00AM,5:00PM,Single,,,,DeliveryFee PerLitre $0.5 NotIncludeInPPG;Under 100 Litres FlatFee $20 IncludeInPPG,,SFPO123,,,,,,,,Genie Boom Lift,Boom Lift,,,,No,,,,,,,,,,,,,
Buyer Account 5,Dan K Jr,customer17@email.me,1234567888,33333,J2234,3991 MacArthur Blvd,Newport Beach,CA,USA,92660,Clear Diesel #2 - ULS,,,,250,FuelCost + $0.25,,4/25/2018,7/15/2018,8:00AM,1:00PM,Single,,,,,,PO4568,john1@email.com,John Smith2,2121212121,,,,,,,,,,No,,,,,,,,,,,,,
Buyer Account 5,Dan K Jr,customer17@email.me,1234567888,33333,J2234,130 Queen St W,Toronto,ON,CAN,M5H 4G1,,Other Product22,Other Product22 Desc,,250,FuelCost + $0.25,,4/25/2018,7/23/2018,8:00AM,1:00PM,Single,,,,DeliveryFee PerLitre $0.5 NotIncludeInPPG,Other-fee2 FlatFee $10 includeinppg,PO4569,john1@email.com,John Smith2,2121212121,,,,,,,,,,No,,,,,,,,,,,,,dollarontotalamount $10 desc;percentageperlitre 12% desc2;dollarperlitre $.5
,,,,,,,,,,,,,,,,,,,,,,,,,,,,,,,,,,,,,,,,,,,,,,,,,,,,,,
,,,,,,,,,,,,,,,,,,,,,,,,,,,,,,,,,,,,,,,,,,,,,,,,,,,,,,
SFX Guidelines,"SFX Guileline: Column Names indicated with an asterisk  symbol (*) are required fields. Columns are optional: PO# & Onsite Contact Name, Email. This information will be added to your order. Columns are optional: Delivery Schedules - Date, Start Time, End Time, 1000 . These are related to the delivery schedules. Columns are optional: Asset Name, CatClass, Make, Model, Year. These are related to assigning assets to an order. When adding an assets to your order, make sure you fill out the Asset Name column.",,,,,,,,,,,,,,,,,,,,,,,,,,,,,,,,,,,,,,,,,,,,,,,,,,,,,
Allowed Fuel Types - to use in Fuel Type column are listed below,,Allowed Common Fees and their fee types:,,,, ,Allowed City Rack/Terminals - to use in City Rack/Terminal column are listed below,,Country Code,Default Currency,Default Unit of Measure,,,,,,,,,,,,,,,,,,,,,,,,,,,,,,,,,,,,,,,,,,,
Clear Diesel #2 - ULS,SFX Guileline: Below columns are not required for Canada Order as we are not supporting TPO with Buy/Sell and Mansfield related features,DeliveryFee - FlatFee/ByQuantity/PerHour/PerGallon,,,, ,Aberdeen Rack MS,,USA,USD,Gallons,,,,,,,,,,,,,,,,,,,,,,,,,,,,,,,,,,,,,,,,,,,
Clear Diesel #2 - ULS (Texas),City Rack/Terminal,for ByQuantity - Use 1-2000-$50|2001-7000-$40 Format,,,, ,Aberdeen Rack SD,,CAN,CAN,Litres,,,,,,,,,,,,,,,,,,,,,,,,,,,,,,,,,,,,,,,,,,,
Clear Diesel - Carb - ULS,Is Buy And Sell Order,,,,, ,Akron Rack OH,,,,,,,,,,,,,,,,,,,,,,,,,,,,,,,,,,,,,,,,,,,,,,,
Conv. 87 Unleaded,Company Brokering For,WetHoseFee - PerAsset/PerHour,,,, ,Albany Rack GA,,,,,,,,,,,,,,,,,,,,,,,,,,,,,,,,,,,,,,,,,,,,,,,
Conv. 89 Unleaded,Is Third Party Hardware Used,OverWaterFee - PerAsset/PerHour,,,, ,Albuquerque Rack NM,,,,,,,,,,,,,,,,,,,,,,,,,,,,,,,,,,,,,,,,,,,,,,,
Conv. 91 Unleaded,Invoice Preference,DryRunFee - FlatFee,,,, ,Albany Rack NY,,,,,,,,,,,,,,,,,,,,,,,,,,,,,,,,,,,,,,,,,,,,,,,
Red Dye Diesel #2 - ULS,Vendor Id,UnderGallonFee - FlatFee,,,, ,Alexandria Rack MN,,,,,,,,,,,,,,,,,,,,,,,,,,,,,,,,,,,,,,,,,,,,,,,
Red Dye Diesel - Carb - ULS,Customer Number,EnvironmentalFee - FlatFee/PerGallon,,,, ,Alma Rack GA,,,,,,,,,,,,,,,,,,,,,,,,,,,,,,,,,,,,,,,,,,,,,,,
Red Dye Diesel #2 - ULS (Texas),Ship To,ServiceFee - FlatFee/PerGallon/PerHour,,,, ,Allentown Rack PA,,,,,,,,,,,,,,,,,,,,,,,,,,,,,,,,,,,,,,,,,,,,,,,
Clear Diesel #1 - ULS,Source,LoadFee - FlatFee/PerGallon,,,, ,Altoona Rack PA,,,,,,,,,,,,,,,,,,,,,,,,,,,,,,,,,,,,,,,,,,,,,,,
(0%-5% BioDsl) - Clear Diesel #2 - ULS,Product Code,SurchargeFee - FlatFee/PerGallon/PerHour,,,, ,Amarillo Rack TX,,,,,,,,,,,,,,,,,,,,,,,,,,,,,,,,,,,,,,,,,,,,,,,
(10% BioDsl) - Clear Diesel #2 - ULS,Freight Fee,ProcessingFee - FlatFee/PerGallon,,,, ,Anacortes Rack WA,,,,,,,,,,,,,,,,,,,,,,,,,,,,,,,,,,,,,,,,,,,,,,,
(11% BioDsl) - Clear Diesel #2 - ULS,Brokered Order Additional Fee(s),,,,, ,Anchorage Rack AK,,,,,,,,,,,,,,,,,,,,,,,,,,,,,,,,,,,,,,,,,,,,,,,
(15% BioDsl) - Clear Diesel #2 - ULS,Broker Markup,,,,, ,Anniston Rack AL,,,,,,,,,,,,,,,,,,,,,,,,,,,,,,,,,,,,,,,,,,,,,,,
Conv. 84 Unleaded, ,SendBrokerDataFileToBroker,,,, ,Beaumont Rack TX,,,,,,,,,,,,,,,,,,,,,,,,,,,,,,,,,,,,,,,,,,,,,,,
(20% BioDsl) - Clear Diesel #2 - ULS, ,Use Weekend/SpecialDate after IncludeInPPG/NotIncludeInPPG,,,, ,Archie Rack LA,,,,,,,,,,,,,,,,,,,,,,,,,,,,,,,,,,,,,,,,,,,,,,,
(5% BioDsl) - Clear Diesel #2 - ULS, ,,,,, ,Ardmore Rack OK,,,,,,,,,,,,,,,,,,,,,,,,,,,,,,,,,,,,,,,,,,,,,,,
(75% BioDsl) - Clear Diesel #2 - ULS, ,,,,, ,Artesia Rack NM,,,,,,,,,,,,,,,,,,,,,,,,,,,,,,,,,,,,,,,,,,,,,,,
(80% BioDsl) - Clear Diesel #2 - ULS, ,Rule for Other Fees,,,, ,Ashland Rack KY,,,,,,,,,,,,,,,,,,,,,,,,,,,,,,,,,,,,,,,,,,,,,,,
(10% BioDsl) - Clear Diesel #2 - ULS (LowEm), ,"Instead of space in words, use '-'. For eg. If you want to give fee name as Extra Fee then in Other fee column write as Extra-Fee",,,, ,Athens Rack GA,,,,,,,,,,,,,,,,,,,,,,,,,,,,,,,,,,,,,,,,,,,,,,,
(2% BioDsl) - Clear Diesel #2 - ULS (LowEm), ,,,,, ,Atlanta Rack GA,,,,,,,,,,,,,,,,,,,,,,,,,,,,,,,,,,,,,,,,,,,,,,,
(5% BioDsl) - Clear Diesel #2 - Carb, ,,,,, ,Austin Rack TX,,,,,,,,,,,,,,,,,,,,,,,,,,,,,,,,,,,,,,,,,,,,,,,
(20% BioDsl) - Clear Diesel #2 - ULS (LowEm), ,Invoice Preference Options,,,, ,Bangor Rack ME,,,,,,,,,,,,,,,,,,,,,,,,,,,,,,,,,,,,,,,,,,,,,,,
(5% BioDsl) - Clear Diesel #2 - ULS (LowEm), ,"Note :- If TPO is brokered order and IsBrokeredOrder marked as Yes, then External Customer, Invoice Preference, Vendor Id, Customer Number, Source, Ship To and Product Code are Compulsory fields.",,,, ,Bay City Rack MI,,,,,,,,,,,,,,,,,,,,,,,,,,,,,,,,,,,,,,,,,,,,,,,
Conv. 85 Unleaded, ,,,,, ,Belton Rack SC,,,,,,,,,,,,,,,,,,,,,,,,,,,,,,,,,,,,,,,,,,,,,,,
(2% BioDsl) - Clear Diesel #2 - ULS,Supplier Markup,Special fees are optional,,,, ,Arcadia Rack LA,,,,,,,,,,,,,,,,,,,,,,,,,,,,,,,,,,,,,,,,,,,,,,,
Conv. 86 Unleaded, ,,,,, ,Benson Rack MN,,,,,,,,,,,,,,,,,,,,,,,,,,,,,,,,,,,,,,,,,,,,,,,
(2% BioDsl) - Red Dye Diesel #2 - ULS, ,,,,, ,Charleston Rack WV,,,,,,,,,,,,,,,,,,,,,,,,,,,,,,,,,,,,,,,,,,,,,,,
Conv. 88 Unleaded, ,,,,, ,Big Springs Rack TX,,,,,,,,,,,,,,,,,,,,,,,,,,,,,,,,,,,,,,,,,,,,,,,
Conv. 92 Unleaded, ,,,,, ,Billings Rack MT,,,,,,,,,,,,,,,,,,,,,,,,,,,,,,,,,,,,,,,,,,,,,,,
Conv. 93 Unleaded, ,,,,, ,Bighampton Rack NY,,,,,,,,,,,,,,,,,,,,,,,,,,,,,,,,,,,,,,,,,,,,,,,
85 Unleaded (w/10% Eth), ,,,,, ,Bakersfield Rack CA,,,,,,,,,,,,,,,,,,,,,,,,,,,,,,,,,,,,,,,,,,,,,,,
86 Unleaded (w/10% Eth), ,,,,, ,Bloomfield Rack NM,,,,,,,,,,,,,,,,,,,,,,,,,,,,,,,,,,,,,,,,,,,,,,,
87 Unleaded - Reform (w/10% Eth), ,,,,, ,Baltimore Rack MD,,,,,,,,,,,,,,,,,,,,,,,,,,,,,,,,,,,,,,,,,,,,,,,
87 Unleaded (w/10% Eth), ,,,,, ,Bainbridge Rack GA,,,,,,,,,,,,,,,,,,,,,,,,,,,,,,,,,,,,,,,,,,,,,,,
87 Unleaded - Clearer Burn Gas (w/10% Eth), ,,,,, ,Boise Rack ID,,,,,,,,,,,,,,,,,,,,,,,,,,,,,,,,,,,,,,,,,,,,,,,
87 Unleaded - Carb Reform (w/10% Eth), ,,,,, ,Boligee Rack AL,,,,,,,,,,,,,,,,,,,,,,,,,,,,,,,,,,,,,,,,,,,,,,,
88 Unleaded (w/10% Eth), ,,,,, ,Boston Rack MA,,,,,,,,,,,,,,,,,,,,,,,,,,,,,,,,,,,,,,,,,,,,,,,
89 Unleaded - Reform (w/10% Eth), ,,,,, ,Bozeman Rack MT,,,,,,,,,,,,,,,,,,,,,,,,,,,,,,,,,,,,,,,,,,,,,,,
89 Unleaded (w/10% Eth), ,,,,, ,Bridgeport Rack CT,,,,,,,,,,,,,,,,,,,,,,,,,,,,,,,,,,,,,,,,,,,,,,,
89 Unleaded - Clearer Burn Gas (w/10% Eth), ,,,,, ,Brisbane Rack CA,,,,,,,,,,,,,,,,,,,,,,,,,,,,,,,,,,,,,,,,,,,,,,,
90 Unleaded (w/10% Eth), ,,,,, ,Birmingham Rack AL,,,,,,,,,,,,,,,,,,,,,,,,,,,,,,,,,,,,,,,,,,,,,,,
91 Unleaded - Reform (w/10% Eth), ,,,,, ,Barstow Rack CA,,,,,,,,,,,,,,,,,,,,,,,,,,,,,,,,,,,,,,,,,,,,,,,
91 Unleaded (w/10% Eth), ,,,,, ,Brownsville Rack TX,,,,,,,,,,,,,,,,,,,,,,,,,,,,,,,,,,,,,,,,,,,,,,,
Conv. 91 Unleaded (Blend w Eth at Termno), ,,,,, ,Brewster Rack MN,,,,,,,,,,,,,,,,,,,,,,,,,,,,,,,,,,,,,,,,,,,,,,,
91 Unleaded - Clearer Burn Gas (w/10% Eth), ,,,,, ,Bettendorf Rack IA,,,,,,,,,,,,,,,,,,,,,,,,,,,,,,,,,,,,,,,,,,,,,,,
92 Unleaded - Reform (w/10% Eth), ,,,,, ,Baton Rouge Rack LA,,,,,,,,,,,,,,,,,,,,,,,,,,,,,,,,,,,,,,,,,,,,,,,
92 Unleaded (w/10% Eth), ,,,,, ,Buffalo Rack NY,,,,,,,,,,,,,,,,,,,,,,,,,,,,,,,,,,,,,,,,,,,,,,,
93 Unleaded - Reform (w/10% Eth), ,,,,, ,Burley Rack ID,,,,,,,,,,,,,,,,,,,,,,,,,,,,,,,,,,,,,,,,,,,,,,,
93 Unleaded (w/10% Eth), ,,,,, ,Burlington Rack VT,,,,,,,,,,,,,,,,,,,,,,,,,,,,,,,,,,,,,,,,,,,,,,,
Kerosene, ,,,,, ,Canton Rack OH,,,,,,,,,,,,,,,,,,,,,,,,,,,,,,,,,,,,,,,,,,,,,,,
Kerosene - ULS, ,,,,, ,Cantril Rack IA,,,,,,,,,,,,,,,,,,,,,,,,,,,,,,,,,,,,,,,,,,,,,,,
Propane , ,,,,, ,Cape Girardeau Rack MO,,,,,,,,,,,,,,,,,,,,,,,,,,,,,,,,,,,,,,,,,,,,,,,
(0%-5% BioDsl) - Red Dye Diesel #2 - ULS, ,,,,, ,Carrollton Rack MO,,,,,,,,,,,,,,,,,,,,,,,,,,,,,,,,,,,,,,,,,,,,,,,
(10% BioDsl) - Red Dye Diesel #2 - ULS, ,,,,, ,Casper Rack WY,,,,,,,,,,,,,,,,,,,,,,,,,,,,,,,,,,,,,,,,,,,,,,,
(10% BioDsl) - Red Dye Diesel #2 - ULS (LowEm), ,,,,, ,Cedar City Rack UT,,,,,,,,,,,,,,,,,,,,,,,,,,,,,,,,,,,,,,,,,,,,,,,
(15% BioDsl) - Red Dye Diesel #2 - ULS, ,,,,, ,Center Rack TX,,,,,,,,,,,,,,,,,,,,,,,,,,,,,,,,,,,,,,,,,,,,,,,
93 Unleaded - Low RVP Reform (w/10% Eth), ,,,,, ,Cincinnati Rack OH,,,,,,,,,,,,,,,,,,,,,,,,,,,,,,,,,,,,,,,,,,,,,,,
(2% BioDsl) - Red Dye Diesel #2 - ULS (LowEm), ,,,,, ,Chattanooga Rack TN,,,,,,,,,,,,,,,,,,,,,,,,,,,,,,,,,,,,,,,,,,,,,,,
(20% BioDsl) - Red Dye Diesel #2 - ULS, ,,,,, ,Cheyboygan Rack MI,,,,,,,,,,,,,,,,,,,,,,,,,,,,,,,,,,,,,,,,,,,,,,,
(20% BioDsl) - Red Dye Diesel #2 - ULS (LowEm), ,,,,, ,Chicago Rack IL,,,,,,,,,,,,,,,,,,,,,,,,,,,,,,,,,,,,,,,,,,,,,,,
(3% BioDsl) - Red Dye Diesel #2 - ULS, ,,,,, ,Chelsea Rack MA,,,,,,,,,,,,,,,,,,,,,,,,,,,,,,,,,,,,,,,,,,,,,,,
(5% BioDsl) - Red Dye Diesel #2 - ULS, ,,,,, ,Cheraw Rack SC,,,,,,,,,,,,,,,,,,,,,,,,,,,,,,,,,,,,,,,,,,,,,,,
(5% BioDsl) - Red Dye Diesel #2 - ULS (LowEm), ,,,,, ,Chico Rack CA,,,,,,,,,,,,,,,,,,,,,,,,,,,,,,,,,,,,,,,,,,,,,,,
Red Dye Diesel #1 - ULS, ,,,,, ,Champaign Rack IL,,,,,,,,,,,,,,,,,,,,,,,,,,,,,,,,,,,,,,,,,,,,,,,
87 Unleaded - Low RVP Reform (w/10% Eth), ,,,,, ,Charlotte Rack NC,,,,,,,,,,,,,,,,,,,,,,,,,,,,,,,,,,,,,,,,,,,,,,,
89 Unleaded - Low RVP Reform (w/10% Eth), ,,,,, ,Cheyenne Rack WY,,,,,,,,,,,,,,,,,,,,,,,,,,,,,,,,,,,,,,,,,,,,,,,
Conv. 87 Unleaded Mid, ,,,,, ,Big Flats Rack NY,,,,,,,,,,,,,,,,,,,,,,,,,,,,,,,,,,,,,,,,,,,,,,,
,, ,,,, ,Janesville Rack WI,,,,,,,,,,,,,,,,,,,,,,,,,,,,,,,,,,,,,,,,,,,,,,,
,, ,,,, ,Jonesboro Rack AR,,,,,,,,,,,,,,,,,,,,,,,,,,,,,,,,,,,,,,,,,,,,,,,
87 Unleaded (w/55% Eth), ,,,,, ,Columbus Rack NE,,,,,,,,,,,,,,,,,,,,,,,,,,,,,,,,,,,,,,,,,,,,,,,
87 Unleaded (w/60% Eth), ,,,,, ,Columbus Rack GA,,,,,,,,,,,,,,,,,,,,,,,,,,,,,,,,,,,,,,,,,,,,,,,
87 Unleaded (w/65% Eth), ,,,,, ,Columbus Rack OH,,,,,,,,,,,,,,,,,,,,,,,,,,,,,,,,,,,,,,,,,,,,,,,
87 Unleaded (w/70% Eth), ,,,,, ,Clear Lake Rack IA,,,,,,,,,,,,,,,,,,,,,,,,,,,,,,,,,,,,,,,,,,,,,,,
87 Unleaded (w/75% Eth), ,,,,, ,Cleveland Rack OH,,,,,,,,,,,,,,,,,,,,,,,,,,,,,,,,,,,,,,,,,,,,,,,
87 Unleaded - Reform (w/75% Eth), ,,,,, ,Clay Center Rack KS,,,,,,,,,,,,,,,,,,,,,,,,,,,,,,,,,,,,,,,,,,,,,,,
87 Unleaded (w/80% Eth), ,,,,, ,Council Bluffs Rack IA,,,,,,,,,,,,,,,,,,,,,,,,,,,,,,,,,,,,,,,,,,,,,,,
87 Unleaded (w/85% Eth), ,,,,, ,Collins Rack MS,,,,,,,,,,,,,,,,,,,,,,,,,,,,,,,,,,,,,,,,,,,,,,,
Conv. 87 Unleaded (Blend w Eth at Termno), ,,,,, ,Colton Rack CA,,,,,,,,,,,,,,,,,,,,,,,,,,,,,,,,,,,,,,,,,,,,,,,
89 Unleaded - Carb Reform (w/10% Eth), ,,,,, ,Concordia Rack KS,,,,,,,,,,,,,,,,,,,,,,,,,,,,,,,,,,,,,,,,,,,,,,,
91 Unleaded - Carb Reform (w/10% Eth), ,,,,, ,Covent Rack LA,,,,,,,,,,,,,,,,,,,,,,,,,,,,,,,,,,,,,,,,,,,,,,,
(20% BioDsl) - Clear Diesel (Premium) - ULS, ,,,,, ,Conway Rack KS,,,,,,,,,,,,,,,,,,,,,,,,,,,,,,,,,,,,,,,,,,,,,,,
Kerosene (Dyed), ,,,,, ,Corpus Christi Rack TX,,,,,,,,,,,,,,,,,,,,,,,,,,,,,,,,,,,,,,,,,,,,,,,
Kerosene (Dyed) - ULS, ,,,,, ,Covington Rack KY,,,,,,,,,,,,,,,,,,,,,,,,,,,,,,,,,,,,,,,,,,,,,,,
Kerosene - LS - Temperature Correct, ,,,,, ,Chippewa Falls Rack WI,,,,,,,,,,,,,,,,,,,,,,,,,,,,,,,,,,,,,,,,,,,,,,,
Jet Fuel, ,,,,, ,Charleston Rack SC,,,,,,,,,,,,,,,,,,,,,,,,,,,,,,,,,,,,,,,,,,,,,,,
Clear Diesel #2 - HS - Temperature Correct, ,,,,, ,Carthage Rack MO,,,,,,,,,,,,,,,,,,,,,,,,,,,,,,,,,,,,,,,,,,,,,,,
Clear Diesel (Winter) - ULS, ,,,,, ,Coshocton Rack OH,,,,,,,,,,,,,,,,,,,,,,,,,,,,,,,,,,,,,,,,,,,,,,,
Clear Diesel (Premium) - ULS, ,,,,, ,Dallas Rack TX,,,,,,,,,,,,,,,,,,,,,,,,,,,,,,,,,,,,,,,,,,,,,,,
Clear Diesel (Premium) - HS, ,,,,, ,Dayton Rack OH,,,,,,,,,,,,,,,,,,,,,,,,,,,,,,,,,,,,,,,,,,,,,,,
Clear Diesel (Premium Winter) - ULS, ,,,,, ,Dubuque Rack IA,,,,,,,,,,,,,,,,,,,,,,,,,,,,,,,,,,,,,,,,,,,,,,,
Clear Diesel (Premium Off-Hwy), ,,,,, ,Decatur Rack IL,,,,,,,,,,,,,,,,,,,,,,,,,,,,,,,,,,,,,,,,,,,,,,,
(2% BioDsl) - Clear Diesel #1 - ULS, ,,,,, ,Denver Rack CO,,,,,,,,,,,,,,,,,,,,,,,,,,,,,,,,,,,,,,,,,,,,,,,
(2% BioDsl) - Clear Diesel #2 - LS, ,,,,, ,Doniphan Rack NE,,,,,,,,,,,,,,,,,,,,,,,,,,,,,,,,,,,,,,,,,,,,,,,
(2% BioDsl) - Clear Diesel #2 - HS, ,,,,, ,Des Moines Rack IA,,,,,,,,,,,,,,,,,,,,,,,,,,,,,,,,,,,,,,,,,,,,,,,
(2% BioDsl) - Clear Diesel (Winter) - ULS, ,,,,, ,Detroit Rack MI,,,,,,,,,,,,,,,,,,,,,,,,,,,,,,,,,,,,,,,,,,,,,,,
(2% BioDsl) - Clear Diesel (Premium) - ULS, ,,,,, ,Dubois Rack PA,,,,,,,,,,,,,,,,,,,,,,,,,,,,,,,,,,,,,,,,,,,,,,,
(2% BioDsl) - Clear Diesel (Premium Winter) - ULS, ,,,,, ,Duluth Rack MN,,,,,,,,,,,,,,,,,,,,,,,,,,,,,,,,,,,,,,,,,,,,,,,
(3% BioDsl) - Clear Diesel (Winter) - ULS, ,,,,, ,Effingham Rack IL,,,,,,,,,,,,,,,,,,,,,,,,,,,,,,,,,,,,,,,,,,,,,,,
(5% BioDsl) - Clear Diesel #1 - ULS, ,,,,, ,El Dorado Rack AR,,,,,,,,,,,,,,,,,,,,,,,,,,,,,,,,,,,,,,,,,,,,,,,
(100% BioDsl) - Pure Bio Diesel, ,,,,, ,Fayetteville Rack NC,,,,,,,,,,,,,,,,,,,,,,,,,,,,,,,,,,,,,,,,,,,,,,,
(5% BioDsl) - Clear Diesel #2 - HS, ,,,,, ,El Paso Rack TX,,,,,,,,,,,,,,,,,,,,,,,,,,,,,,,,,,,,,,,,,,,,,,,
(5% BioDsl) - Clear Diesel (Winter) - ULS, ,,,,, ,Enid Rack OK,,,,,,,,,,,,,,,,,,,,,,,,,,,,,,,,,,,,,,,,,,,,,,,
(5% BioDsl) - Clear Diesel (Premium) - ULS, ,,,,, ,Eugene Rack OR,,,,,,,,,,,,,,,,,,,,,,,,,,,,,,,,,,,,,,,,,,,,,,,
(10% BioDsl) - Clear Diesel #1 - ULS, ,,,,, ,Eureka Rack CA,,,,,,,,,,,,,,,,,,,,,,,,,,,,,,,,,,,,,,,,,,,,,,,
(10% BioDsl) - Clear Diesel (Premium) - ULS, ,,,,, ,Evansville Rack IN,,,,,,,,,,,,,,,,,,,,,,,,,,,,,,,,,,,,,,,,,,,,,,,
(15% BioDsl) - Clear Diesel (Winter) - ULS, ,,,,, ,Fairbanks Rack AK,,,,,,,,,,,,,,,,,,,,,,,,,,,,,,,,,,,,,,,,,,,,,,,
(20% BioDsl) - Clear Diesel #1 - ULS, ,,,,, ,Fairfax Rack VA,,,,,,,,,,,,,,,,,,,,,,,,,,,,,,,,,,,,,,,,,,,,,,,
(20% BioDsl) - Clear Diesel #2 - LS, ,,,,, ,Fargo Rack ND,,,,,,,,,,,,,,,,,,,,,,,,,,,,,,,,,,,,,,,,,,,,,,,
(99% BioDsl) - Clear Diesel #2 - LS, ,,,,, ,Farmington Rack IL,,,,,,,,,,,,,,,,,,,,,,,,,,,,,,,,,,,,,,,,,,,,,,,
Red Dye Diesel (Winter) - ULS, ,,,,, ,Flint Rack MI,,,,,,,,,,,,,,,,,,,,,,,,,,,,,,,,,,,,,,,,,,,,,,,
Conv. 90 Unleaded, ,,,,, ,Ciniza Rack NM,,,,,,,,,,,,,,,,,,,,,,,,,,,,,,,,,,,,,,,,,,,,,,,
Red Dye Diesel (Premium) - ULS, ,,,,, ,Fountain Rack CO,,,,,,,,,,,,,,,,,,,,,,,,,,,,,,,,,,,,,,,,,,,,,,,
Conv 87 Unleaded with 10% Ethanol US Dest,,,,,, ,Hattiesburg Rack MS,,,,,,,,,,,,,,,,,,,,,,,,,,,,,,,,,,,,,,,,,,,,,,,
(2% BioDsl) - Red Dye Diesel #1 - ULS, ,,,,, ,Frost Rack TX,,,,,,,,,,,,,,,,,,,,,,,,,,,,,,,,,,,,,,,,,,,,,,,
(2% BioDsl) - Red Dye Diesel #2 - LS, ,,,,, ,Forsyth Rack IL,,,,,,,,,,,,,,,,,,,,,,,,,,,,,,,,,,,,,,,,,,,,,,,
(2% BioDsl) - Red Dye Diesel (Winter) - ULS, ,,,,, ,Ft Dodge Rack IA,,,,,,,,,,,,,,,,,,,,,,,,,,,,,,,,,,,,,,,,,,,,,,,
(2% BioDsl) - Red Dye Diesel (Premium) - ULS, ,,,,, ,Ft Madison Rack IA,,,,,,,,,,,,,,,,,,,,,,,,,,,,,,,,,,,,,,,,,,,,,,,
(2% BioDsl) - Red Dye Diesel (Premium Winter) - ULS, ,,,,, ,Fort Smith Rack AR,,,,,,,,,,,,,,,,,,,,,,,,,,,,,,,,,,,,,,,,,,,,,,,
(3% BioDsl) - Red Dye Diesel (Winter) - ULS, ,,,,, ,Fort Worth Rack TX,,,,,,,,,,,,,,,,,,,,,,,,,,,,,,,,,,,,,,,,,,,,,,,
(5% BioDsl) - Red Dye Diesel #1 - ULS, ,,,,, ,Geneva Rack NE,,,,,,,,,,,,,,,,,,,,,,,,,,,,,,,,,,,,,,,,,,,,,,,
(5% BioDsl) - Red Dye Diesel #2 - LS, ,,,,, ,Glendive Rack MT,,,,,,,,,,,,,,,,,,,,,,,,,,,,,,,,,,,,,,,,,,,,,,,
(5% BioDsl) - Red Dye Diesel (Winter) - ULS, ,,,,, ,Greensboro Rack NC,,,,,,,,,,,,,,,,,,,,,,,,,,,,,,,,,,,,,,,,,,,,,,,
(5% BioDsl) - Red Dye Diesel (Premium) - ULS, ,,,,, ,Grand Forks Rack ND,,,,,,,,,,,,,,,,,,,,,,,,,,,,,,,,,,,,,,,,,,,,,,,
(10% BioDsl) - Red Dye Diesel #1 - ULS, ,,,,, ,Grand Junction Rack CO,,,,,,,,,,,,,,,,,,,,,,,,,,,,,,,,,,,,,,,,,,,,,,,
(10% BioDsl) - Red Dye Diesel #2 - LS, ,,,,, ,Griffin Rack GA,,,,,,,,,,,,,,,,,,,,,,,,,,,,,,,,,,,,,,,,,,,,,,,
(10% BioDsl) - Red Dye Diesel (Premium) - ULS, ,,,,, ,Green Bay Rack WI,,,,,,,,,,,,,,,,,,,,,,,,,,,,,,,,,,,,,,,,,,,,,,,
(11% BioDsl) - Red Dye Diesel #2 - ULS, ,,,,, ,Greensburg Rack PA,,,,,,,,,,,,,,,,,,,,,,,,,,,,,,,,,,,,,,,,,,,,,,,
(15% BioDsl) - Red Dye Diesel (Winter) - ULS, ,,,,, ,Greenville Rack MS,,,,,,,,,,,,,,,,,,,,,,,,,,,,,,,,,,,,,,,,,,,,,,,
(20% BioDsl) - Red Dye Diesel #1 - ULS, ,,,,, ,Greenwood Rack NE,,,,,,,,,,,,,,,,,,,,,,,,,,,,,,,,,,,,,,,,,,,,,,,
(20% BioDsl) - Red Dye Diesel #2 - LS, ,,,,, ,Great Bend Rack KS,,,,,,,,,,,,,,,,,,,,,,,,,,,,,,,,,,,,,,,,,,,,,,,
(20% BioDsl) - Red Dye Diesel (Premium) - ULS, ,,,,, ,Great Falls Rack MT,,,,,,,,,,,,,,,,,,,,,,,,,,,,,,,,,,,,,,,,,,,,,,,
(75% BioDsl) - Red Dye Diesel #2 - ULS, ,,,,, ,Hammond Rack IN,,,,,,,,,,,,,,,,,,,,,,,,,,,,,,,,,,,,,,,,,,,,,,,
(80% BioDsl) - Red Dye Diesel #2 - ULS, ,,,,, ,Harlingen Rack TX,,,,,,,,,,,,,,,,,,,,,,,,,,,,,,,,,,,,,,,,,,,,,,,
(99% BioDsl) - Red Dye Diesel #2 - LS, ,,,,, ,Hearne Rack TX,,,,,,,,,,,,,,,,,,,,,,,,,,,,,,,,,,,,,,,,,,,,,,,
Ethanol, ,,,,, ,Helena Rack MT,,,,,,,,,,,,,,,,,,,,,,,,,,,,,,,,,,,,,,,,,,,,,,,
Etherin, ,,,,, ,Huntington Rack IN,,,,,,,,,,,,,,,,,,,,,,,,,,,,,,,,,,,,,,,,,,,,,,,
Fuel Oil #1 - LS, ,,,,, ,Hobbs Rack NM,,,,,,,,,,,,,,,,,,,,,,,,,,,,,,,,,,,,,,,,,,,,,,,
Fuel Oil #1 - HS, ,,,,, ,Holland Rack MI,,,,,,,,,,,,,,,,,,,,,,,,,,,,,,,,,,,,,,,,,,,,,,,
Fuel Oil #2 - LS, ,,,,, ,Houston Rack TX,,,,,,,,,,,,,,,,,,,,,,,,,,,,,,,,,,,,,,,,,,,,,,,
Fuel Oil #2 - HS, ,,,,, ,Harrisburg Rack PA,,,,,,,,,,,,,,,,,,,,,,,,,,,,,,,,,,,,,,,,,,,,,,,
Heat Oil #2 - Temperature Correct, ,,,,, ,Hutchison Rack KS,,,,,,,,,,,,,,,,,,,,,,,,,,,,,,,,,,,,,,,,,,,,,,,
Conv 89 Midgrade with 5% Ethanol,,,,,, ,Hartford Rack CT,,,,,,,,,,,,,,,,,,,,,,,,,,,,,,,,,,,,,,,,,,,,,,,
87 Unleaded (w/15% Eth), ,,,,, ,Columbia Rack MO,,,,,,,,,,,,,,,,,,,,,,,,,,,,,,,,,,,,,,,,,,,,,,,
,,,,,, ,Heyworth Rack IL,,,,,,,,,,,,,,,,,,,,,,,,,,,,,,,,,,,,,,,,,,,,,,,
,,,,,, ,Iowa City Rack IA,,,,,,,,,,,,,,,,,,,,,,,,,,,,,,,,,,,,,,,,,,,,,,,
,, ,,,, ,Imperial Rack CA,,,,,,,,,,,,,,,,,,,,,,,,,,,,,,,,,,,,,,,,,,,,,,,
,, ,,,, ,Indianapolis Rack IN,,,,,,,,,,,,,,,,,,,,,,,,,,,,,,,,,,,,,,,,,,,,,,,
,, ,,,, ,Jefferson City Rack MO,,,,,,,,,,,,,,,,,,,,,,,,,,,,,,,,,,,,,,,,,,,,,,,
,, ,,,, ,Jackson Rack MI,,,,,,,,,,,,,,,,,,,,,,,,,,,,,,,,,,,,,,,,,,,,,,,
,, ,,,, ,Jacksonville Rack FL,,,,,,,,,,,,,,,,,,,,,,,,,,,,,,,,,,,,,,,,,,,,,,,
,, ,,,, ,Jamestown Rack ND,,,,,,,,,,,,,,,,,,,,,,,,,,,,,,,,,,,,,,,,,,,,,,,
,, ,,,, ,Junction City Rack WI,,,,,,,,,,,,,,,,,,,,,,,,,,,,,,,,,,,,,,,,,,,,,,,
Red Dye Diesel (Premium Winter) - ULS, ,,,,, ,Fresno Rack CA,,,,,,,,,,,,,,,,,,,,,,,,,,,,,,,,,,,,,,,,,,,,,,,
(5% BioDsl) - Clear Diesel #2 - LS, ,,,,, ,El Dorado Rack KS,,,,,,,,,,,,,,,,,,,,,,,,,,,,,,,,,,,,,,,,,,,,,,,
,, ,,,, ,Kankakee Rack IL,,,,,,,,,,,,,,,,,,,,,,,,,,,,,,,,,,,,,,,,,,,,,,,
,, ,,,, ,Shreveport Rack LA,,,,,,,,,,,,,,,,,,,,,,,,,,,,,,,,,,,,,,,,,,,,,,,
,, ,,,, ,Knoxville Rack TN,,,,,,,,,,,,,,,,,,,,,,,,,,,,,,,,,,,,,,,,,,,,,,,
,, ,,,, ,Kansas City Rack KS,,,,,,,,,,,,,,,,,,,,,,,,,,,,,,,,,,,,,,,,,,,,,,,
,, ,,,, ,Los Angeles Rack CA,,,,,,,,,,,,,,,,,,,,,,,,,,,,,,,,,,,,,,,,,,,,,,,
,, ,,,, ,La Junta Rack CO,,,,,,,,,,,,,,,,,,,,,,,,,,,,,,,,,,,,,,,,,,,,,,,
,, ,,,, ,Laredo Rack TX,,,,,,,,,,,,,,,,,,,,,,,,,,,,,,,,,,,,,,,,,,,,,,,
,, ,,,, ,Lebanon Rack OH,,,,,,,,,,,,,,,,,,,,,,,,,,,,,,,,,,,,,,,,,,,,,,,
,, ,,,, ,Le Mars Rack IA,,,,,,,,,,,,,,,,,,,,,,,,,,,,,,,,,,,,,,,,,,,,,,,
,, ,,,, ,Lima Rack OH,,,,,,,,,,,,,,,,,,,,,,,,,,,,,,,,,,,,,,,,,,,,,,,
,, ,,,, ,Lincoln Rack NE,,,,,,,,,,,,,,,,,,,,,,,,,,,,,,,,,,,,,,,,,,,,,,,
,, ,,,, ,Long Island Rack NY,,,,,,,,,,,,,,,,,,,,,,,,,,,,,,,,,,,,,,,,,,,,,,,
,, ,,,, ,Lake Charles Rack LA,,,,,,,,,,,,,,,,,,,,,,,,,,,,,,,,,,,,,,,,,,,,,,,
,, ,,,, ,Lansing Rack MI,,,,,,,,,,,,,,,,,,,,,,,,,,,,,,,,,,,,,,,,,,,,,,,
,, ,,,, ,Lorain Rack OH,,,,,,,,,,,,,,,,,,,,,,,,,,,,,,,,,,,,,,,,,,,,,,,
,, ,,,, ,Louisville Rack KY,,,,,,,,,,,,,,,,,,,,,,,,,,,,,,,,,,,,,,,,,,,,,,,
,, ,,,, ,Little Rock Rack AR,,,,,,,,,,,,,,,,,,,,,,,,,,,,,,,,,,,,,,,,,,,,,,,
,, ,,,, ,Lubbock Rack TX,,,,,,,,,,,,,,,,,,,,,,,,,,,,,,,,,,,,,,,,,,,,,,,
,, ,,,, ,Las Vegas Rack NV,,,,,,,,,,,,,,,,,,,,,,,,,,,,,,,,,,,,,,,,,,,,,,,
,, ,,,, ,Lexington Rack KY,,,,,,,,,,,,,,,,,,,,,,,,,,,,,,,,,,,,,,,,,,,,,,,
,, ,,,, ,Macon Rack GA,,,,,,,,,,,,,,,,,,,,,,,,,,,,,,,,,,,,,,,,,,,,,,,
,, ,,,, ,Madison Rack WI,,,,,,,,,,,,,,,,,,,,,,,,,,,,,,,,,,,,,,,,,,,,,,,
,, ,,,, ,Mandan Rack ND,,,,,,,,,,,,,,,,,,,,,,,,,,,,,,,,,,,,,,,,,,,,,,,
,, ,,,, ,Mankato Rack MN,,,,,,,,,,,,,,,,,,,,,,,,,,,,,,,,,,,,,,,,,,,,,,,
,, ,,,, ,Marshall Rack MN,,,,,,,,,,,,,,,,,,,,,,,,,,,,,,,,,,,,,,,,,,,,,,,
,, ,,,, ,Moberly Rack MO,,,,,,,,,,,,,,,,,,,,,,,,,,,,,,,,,,,,,,,,,,,,,,,
,, ,,,, ,McPherson Rack KS,,,,,,,,,,,,,,,,,,,,,,,,,,,,,,,,,,,,,,,,,,,,,,,
,, ,,,, ,Memphis Rack TN,,,,,,,,,,,,,,,,,,,,,,,,,,,,,,,,,,,,,,,,,,,,,,,
,, ,,,, ,Menard Rack IL,,,,,,,,,,,,,,,,,,,,,,,,,,,,,,,,,,,,,,,,,,,,,,,
,, ,,,, ,Miami Rack FL,,,,,,,,,,,,,,,,,,,,,,,,,,,,,,,,,,,,,,,,,,,,,,,
,, ,,,, ,Milford Rack IA,,,,,,,,,,,,,,,,,,,,,,,,,,,,,,,,,,,,,,,,,,,,,,,
,, ,,,, ,Meridian Rack MS,,,,,,,,,,,,,,,,,,,,,,,,,,,,,,,,,,,,,,,,,,,,,,,
,, ,,,, ,Minot Rack ND,,,,,,,,,,,,,,,,,,,,,,,,,,,,,,,,,,,,,,,,,,,,,,,
,, ,,,, ,Missoula Rack MT,,,,,,,,,,,,,,,,,,,,,,,,,,,,,,,,,,,,,,,,,,,,,,,
,, ,,,, ,Milwaukee Rack WI,,,,,,,,,,,,,,,,,,,,,,,,,,,,,,,,,,,,,,,,,,,,,,,
,, ,,,, ,Mobile Rack AL,,,,,,,,,,,,,,,,,,,,,,,,,,,,,,,,,,,,,,,,,,,,,,,
,, ,,,, ,Monroe Rack LA,,,,,,,,,,,,,,,,,,,,,,,,,,,,,,,,,,,,,,,,,,,,,,,
,, ,,,, ,Moriarty Rack NM,,,,,,,,,,,,,,,,,,,,,,,,,,,,,,,,,,,,,,,,,,,,,,,
,, ,,,, ,Morris Rack IL,,,,,,,,,,,,,,,,,,,,,,,,,,,,,,,,,,,,,,,,,,,,,,,
,, ,,,, ,Moses Lake Rack WA,,,,,,,,,,,,,,,,,,,,,,,,,,,,,,,,,,,,,,,,,,,,,,,
,, ,,,, ,Minneapolis Rack MN,,,,,,,,,,,,,,,,,,,,,,,,,,,,,,,,,,,,,,,,,,,,,,,
,, ,,,, ,Marietta Rack OH,,,,,,,,,,,,,,,,,,,,,,,,,,,,,,,,,,,,,,,,,,,,,,,
,, ,,,, ,Milner Rack GA,,,,,,,,,,,,,,,,,,,,,,,,,,,,,,,,,,,,,,,,,,,,,,,
,, ,,,, ,Muskegon Rack MI,,,,,,,,,,,,,,,,,,,,,,,,,,,,,,,,,,,,,,,,,,,,,,,
,, ,,,, ,Pasco Rack WA,,,,,,,,,,,,,,,,,,,,,,,,,,,,,,,,,,,,,,,,,,,,,,,
,, ,,,, ,Montgomery Rack AL,,,,,,,,,,,,,,,,,,,,,,,,,,,,,,,,,,,,,,,,,,,,,,,
,, ,,,, ,Mt Jackson Rack VA,,,,,,,,,,,,,,,,,,,,,,,,,,,,,,,,,,,,,,,,,,,,,,,
,, ,,,, ,Mount Pleasant Rack TX,,,,,,,,,,,,,,,,,,,,,,,,,,,,,,,,,,,,,,,,,,,,,,,
,, ,,,, ,Mount Vernon Rack MO,,,,,,,,,,,,,,,,,,,,,,,,,,,,,,,,,,,,,,,,,,,,,,,
,, ,,,, ,Muncie Rack IN,,,,,,,,,,,,,,,,,,,,,,,,,,,,,,,,,,,,,,,,,,,,,,,
,, ,,,, ,Mount Vernon Rack NY,,,,,,,,,,,,,,,,,,,,,,,,,,,,,,,,,,,,,,,,,,,,,,,
,, ,,,, ,North Augusta Rack SC,,,,,,,,,,,,,,,,,,,,,,,,,,,,,,,,,,,,,,,,,,,,,,,
,, ,,,, ,Newburgh Rack NY,,,,,,,,,,,,,,,,,,,,,,,,,,,,,,,,,,,,,,,,,,,,,,,
,, ,,,, ,Newark Rack NJ,,,,,,,,,,,,,,,,,,,,,,,,,,,,,,,,,,,,,,,,,,,,,,,
,, ,,,, ,New Haven Rack CT,,,,,,,,,,,,,,,,,,,,,,,,,,,,,,,,,,,,,,,,,,,,,,,
,, ,,,, ,New York Rack NY,,,,,,,,,,,,,,,,,,,,,,,,,,,,,,,,,,,,,,,,,,,,,,,
,, ,,,, ,Niceville Rack FL,,,,,,,,,,,,,,,,,,,,,,,,,,,,,,,,,,,,,,,,,,,,,,,
,, ,,,, ,Niles Rack MI,,,,,,,,,,,,,,,,,,,,,,,,,,,,,,,,,,,,,,,,,,,,,,,
,, ,,,, ,New Orleans Rack LA,,,,,,,,,,,,,,,,,,,,,,,,,,,,,,,,,,,,,,,,,,,,,,,
,, ,,,, ,North Platte Rack NE,,,,,,,,,,,,,,,,,,,,,,,,,,,,,,,,,,,,,,,,,,,,,,,
,, ,,,, ,Norfolk Rack NE,,,,,,,,,,,,,,,,,,,,,,,,,,,,,,,,,,,,,,,,,,,,,,,
,, ,,,, ,Norfolk Rack VA,,,,,,,,,,,,,,,,,,,,,,,,,,,,,,,,,,,,,,,,,,,,,,,
,, ,,,, ,Northumberland Rack PA,,,,,,,,,,,,,,,,,,,,,,,,,,,,,,,,,,,,,,,,,,,,,,,
,, ,,,, ,Nashville Rack TN,,,,,,,,,,,,,,,,,,,,,,,,,,,,,,,,,,,,,,,,,,,,,,,
,, ,,,, ,Newington Rack NH,,,,,,,,,,,,,,,,,,,,,,,,,,,,,,,,,,,,,,,,,,,,,,,
,, ,,,, ,Osceola Rack NE,,,,,,,,,,,,,,,,,,,,,,,,,,,,,,,,,,,,,,,,,,,,,,,
,, ,,,, ,Ogden Rack IA,,,,,,,,,,,,,,,,,,,,,,,,,,,,,,,,,,,,,,,,,,,,,,,
,, ,,,, ,Oklahoma City Rack OK,,,,,,,,,,,,,,,,,,,,,,,,,,,,,,,,,,,,,,,,,,,,,,,
,, ,,,, ,Olathe Rack KS,,,,,,,,,,,,,,,,,,,,,,,,,,,,,,,,,,,,,,,,,,,,,,,
,, ,,,, ,Omaha Rack NE,,,,,,,,,,,,,,,,,,,,,,,,,,,,,,,,,,,,,,,,,,,,,,,
,, ,,,, ,Oneonta Rack NY,,,,,,,,,,,,,,,,,,,,,,,,,,,,,,,,,,,,,,,,,,,,,,,
,, ,,,, ,Orlando Rack FL,,,,,,,,,,,,,,,,,,,,,,,,,,,,,,,,,,,,,,,,,,,,,,,
,, ,,,, ,Ottumwa Rack IA,,,,,,,,,,,,,,,,,,,,,,,,,,,,,,,,,,,,,,,,,,,,,,,
,, ,,,, ,Palmyra Rack MO,,,,,,,,,,,,,,,,,,,,,,,,,,,,,,,,,,,,,,,,,,,,,,,
,, ,,,, ,Pensacola Rack FL,,,,,,,,,,,,,,,,,,,,,,,,,,,,,,,,,,,,,,,,,,,,,,,
,, ,,,, ,Pocatello Rack ID,,,,,,,,,,,,,,,,,,,,,,,,,,,,,,,,,,,,,,,,,,,,,,,
,, ,,,, ,Paducah Rack KY,,,,,,,,,,,,,,,,,,,,,,,,,,,,,,,,,,,,,,,,,,,,,,,
,, ,,,, ,Philadelphia Rack PA,,,,,,,,,,,,,,,,,,,,,,,,,,,,,,,,,,,,,,,,,,,,,,,
,, ,,,, ,Phoenix Rack AZ,,,,,,,,,,,,,,,,,,,,,,,,,,,,,,,,,,,,,,,,,,,,,,,
,, ,,,, ,Pittsburgh Rack PA,,,,,,,,,,,,,,,,,,,,,,,,,,,,,,,,,,,,,,,,,,,,,,,
,, ,,,, ,Placedo Rack TX,,,,,,,,,,,,,,,,,,,,,,,,,,,,,,,,,,,,,,,,,,,,,,,
,, ,,,, ,Paulsboro Rack NJ,,,,,,,,,,,,,,,,,,,,,,,,,,,,,,,,,,,,,,,,,,,,,,,
,, ,,,, ,Platsmouth Rack NE,,,,,,,,,,,,,,,,,,,,,,,,,,,,,,,,,,,,,,,,,,,,,,,
,, ,,,, ,Panama City Rack FL,,,,,,,,,,,,,,,,,,,,,,,,,,,,,,,,,,,,,,,,,,,,,,,
,, ,,,, ,Mitchell Rack SD,,,,,,,,,,,,,,,,,,,,,,,,,,,,,,,,,,,,,,,,,,,,,,,
,, ,,,, ,New Hampton Rack IA,,,,,,,,,,,,,,,,,,,,,,,,,,,,,,,,,,,,,,,,,,,,,,,
,, ,,,, ,Kearney Rack MO,,,,,,,,,,,,,,,,,,,,,,,,,,,,,,,,,,,,,,,,,,,,,,,
,, ,,,, ,Portland Rack OR,,,,,,,,,,,,,,,,,,,,,,,,,,,,,,,,,,,,,,,,,,,,,,,
,, ,,,, ,Providence Rack RI,,,,,,,,,,,,,,,,,,,,,,,,,,,,,,,,,,,,,,,,,,,,,,,
,, ,,,, ,Pascagoula Rack MS,,,,,,,,,,,,,,,,,,,,,,,,,,,,,,,,,,,,,,,,,,,,,,,
,, ,,,, ,Raleigh Rack NC,,,,,,,,,,,,,,,,,,,,,,,,,,,,,,,,,,,,,,,,,,,,,,,
,, ,,,, ,Robinson Rack IL,,,,,,,,,,,,,,,,,,,,,,,,,,,,,,,,,,,,,,,,,,,,,,,
,, ,,,, ,Richmond Rack VA,,,,,,,,,,,,,,,,,,,,,,,,,,,,,,,,,,,,,,,,,,,,,,,
,, ,,,, ,Rochester Rack MN,,,,,,,,,,,,,,,,,,,,,,,,,,,,,,,,,,,,,,,,,,,,,,,
,, ,,,, ,Rochester Rack NY,,,,,,,,,,,,,,,,,,,,,,,,,,,,,,,,,,,,,,,,,,,,,,,
,, ,,,, ,Rockford Rack IL,,,,,,,,,,,,,,,,,,,,,,,,,,,,,,,,,,,,,,,,,,,,,,,
,, ,,,, ,Rock Rapids Rack IA,,,,,,,,,,,,,,,,,,,,,,,,,,,,,,,,,,,,,,,,,,,,,,,
,, ,,,, ,Rock Springs Rack WY,,,,,,,,,,,,,,,,,,,,,,,,,,,,,,,,,,,,,,,,,,,,,,,
,, ,,,, ,Rogers Rack AR,,,,,,,,,,,,,,,,,,,,,,,,,,,,,,,,,,,,,,,,,,,,,,,
,, ,,,, ,Rome Rack GA,,,,,,,,,,,,,,,,,,,,,,,,,,,,,,,,,,,,,,,,,,,,,,,
,, ,,,, ,Roanoke Rack VA,,,,,,,,,,,,,,,,,,,,,,,,,,,,,,,,,,,,,,,,,,,,,,,
,, ,,,, ,Rapid City Rack SD,,,,,,,,,,,,,,,,,,,,,,,,,,,,,,,,,,,,,,,,,,,,,,,
,, ,,,, ,Rapid River Rack MI,,,,,,,,,,,,,,,,,,,,,,,,,,,,,,,,,,,,,,,,,,,,,,,
,, ,,,, ,Rutland Rack VT,,,,,,,,,,,,,,,,,,,,,,,,,,,,,,,,,,,,,,,,,,,,,,,
,, ,,,, ,Salina Rack KS,,,,,,,,,,,,,,,,,,,,,,,,,,,,,,,,,,,,,,,,,,,,,,,
,, ,,,, ,San Antonio Rack TX,,,,,,,,,,,,,,,,,,,,,,,,,,,,,,,,,,,,,,,,,,,,,,,
,, ,,,, ,South Bend Rack IN,,,,,,,,,,,,,,,,,,,,,,,,,,,,,,,,,,,,,,,,,,,,,,,
,, ,,,, ,Sacramento Rack CA,,,,,,,,,,,,,,,,,,,,,,,,,,,,,,,,,,,,,,,,,,,,,,,
,, ,,,, ,Scranton Rack PA,,,,,,,,,,,,,,,,,,,,,,,,,,,,,,,,,,,,,,,,,,,,,,,
,, ,,,, ,Scott City Rack KS,,,,,,,,,,,,,,,,,,,,,,,,,,,,,,,,,,,,,,,,,,,,,,,
,, ,,,, ,San Diego Rack CA,,,,,,,,,,,,,,,,,,,,,,,,,,,,,,,,,,,,,,,,,,,,,,,
,, ,,,, ,Seattle Rack WA,,,,,,,,,,,,,,,,,,,,,,,,,,,,,,,,,,,,,,,,,,,,,,,
,, ,,,, ,Selma Rack NC,,,,,,,,,,,,,,,,,,,,,,,,,,,,,,,,,,,,,,,,,,,,,,,
,, ,,,, ,San Francisco Rack CA,,,,,,,,,,,,,,,,,,,,,,,,,,,,,,,,,,,,,,,,,,,,,,,
,, ,,,, ,Sheffield Rack AL,,,,,,,,,,,,,,,,,,,,,,,,,,,,,,,,,,,,,,,,,,,,,,,
,, ,,,, ,Sherrin Rack TX,,,,,,,,,,,,,,,,,,,,,,,,,,,,,,,,,,,,,,,,,,,,,,,
,, ,,,, ,Sheridan Rack WY,,,,,,,,,,,,,,,,,,,,,,,,,,,,,,,,,,,,,,,,,,,,,,,
,, ,,,, ,Springfield Rack MA,,,,,,,,,,,,,,,,,,,,,,,,,,,,,,,,,,,,,,,,,,,,,,,
,, ,,,, ,Sinclair Rack WY,,,,,,,,,,,,,,,,,,,,,,,,,,,,,,,,,,,,,,,,,,,,,,,
,, ,,,, ,San Jose Rack CA,,,,,,,,,,,,,,,,,,,,,,,,,,,,,,,,,,,,,,,,,,,,,,,
,, ,,,, ,Salt Lake City Rack UT,,,,,,,,,,,,,,,,,,,,,,,,,,,,,,,,,,,,,,,,,,,,,,,
,, ,,,, ,St Louis Rack MO,,,,,,,,,,,,,,,,,,,,,,,,,,,,,,,,,,,,,,,,,,,,,,,
,, ,,,, ,Salisbury Rack MD,,,,,,,,,,,,,,,,,,,,,,,,,,,,,,,,,,,,,,,,,,,,,,,
,, ,,,, ,San Angelo Rack TX,,,,,,,,,,,,,,,,,,,,,,,,,,,,,,,,,,,,,,,,,,,,,,,
,, ,,,, ,Sanborn Rack IA,,,,,,,,,,,,,,,,,,,,,,,,,,,,,,,,,,,,,,,,,,,,,,,
,, ,,,, ,Sinking Spring Rack PA,,,,,,,,,,,,,,,,,,,,,,,,,,,,,,,,,,,,,,,,,,,,,,,
,, ,,,, ,Sparks Rack NV,,,,,,,,,,,,,,,,,,,,,,,,,,,,,,,,,,,,,,,,,,,,,,,
,, ,,,, ,Springfield Rack MO,,,,,,,,,,,,,,,,,,,,,,,,,,,,,,,,,,,,,,,,,,,,,,,
,, ,,,, ,Ponca City Rack OK,,,,,,,,,,,,,,,,,,,,,,,,,,,,,,,,,,,,,,,,,,,,,,,
,, ,,,, ,Spokane Rack WA,,,,,,,,,,,,,,,,,,,,,,,,,,,,,,,,,,,,,,,,,,,,,,,
,, ,,,, ,Wilmington Rack NC,,,,,,,,,,,,,,,,,,,,,,,,,,,,,,,,,,,,,,,,,,,,,,,
,, ,,,, ,Spartanburg Rack SC,,,,,,,,,,,,,,,,,,,,,,,,,,,,,,,,,,,,,,,,,,,,,,,
,, ,,,, ,Stockton Rack CA,,,,,,,,,,,,,,,,,,,,,,,,,,,,,,,,,,,,,,,,,,,,,,,
,, ,,,, ,Savannah Rack GA,,,,,,,,,,,,,,,,,,,,,,,,,,,,,,,,,,,,,,,,,,,,,,,
,, ,,,, ,Sioux City Rack IA,,,,,,,,,,,,,,,,,,,,,,,,,,,,,,,,,,,,,,,,,,,,,,,
,, ,,,, ,Sioux Falls Rack SD,,,,,,,,,,,,,,,,,,,,,,,,,,,,,,,,,,,,,,,,,,,,,,,
,, ,,,, ,Syracuse Rack NY,,,,,,,,,,,,,,,,,,,,,,,,,,,,,,,,,,,,,,,,,,,,,,,
,, ,,,, ,Superior Rack WI,,,,,,,,,,,,,,,,,,,,,,,,,,,,,,,,,,,,,,,,,,,,,,,
,, ,,,, ,Tacoma Rack WA,,,,,,,,,,,,,,,,,,,,,,,,,,,,,,,,,,,,,,,,,,,,,,,
,, ,,,, ,Tampa Rack FL,,,,,,,,,,,,,,,,,,,,,,,,,,,,,,,,,,,,,,,,,,,,,,,
,, ,,,, ,Todhunter Rack OH,,,,,,,,,,,,,,,,,,,,,,,,,,,,,,,,,,,,,,,,,,,,,,,
,, ,,,, ,Three Rivers Rack TX,,,,,,,,,,,,,,,,,,,,,,,,,,,,,,,,,,,,,,,,,,,,,,,
,, ,,,, ,Toledo Rack OH,,,,,,,,,,,,,,,,,,,,,,,,,,,,,,,,,,,,,,,,,,,,,,,
,, ,,,, ,Topeka Rack KS,,,,,,,,,,,,,,,,,,,,,,,,,,,,,,,,,,,,,,,,,,,,,,,
,, ,,,, ,Trenton Rack NJ,,,,,,,,,,,,,,,,,,,,,,,,,,,,,,,,,,,,,,,,,,,,,,,
,, ,,,, ,Tucson Rack AZ,,,,,,,,,,,,,,,,,,,,,,,,,,,,,,,,,,,,,,,,,,,,,,,
,, ,,,, ,Tulsa Rack OK,,,,,,,,,,,,,,,,,,,,,,,,,,,,,,,,,,,,,,,,,,,,,,,
,, ,,,, ,Umatilla Rack OR,,,,,,,,,,,,,,,,,,,,,,,,,,,,,,,,,,,,,,,,,,,,,,,
,, ,,,, ,Utica Rack NY,,,,,,,,,,,,,,,,,,,,,,,,,,,,,,,,,,,,,,,,,,,,,,,
,, ,,,, ,Victoria Rack TX,,,,,,,,,,,,,,,,,,,,,,,,,,,,,,,,,,,,,,,,,,,,,,,
,, ,,,, ,Vicksburg Rack MS,,,,,,,,,,,,,,,,,,,,,,,,,,,,,,,,,,,,,,,,,,,,,,,
,, ,,,, ,Waco Rack TX,,,,,,,,,,,,,,,,,,,,,,,,,,,,,,,,,,,,,,,,,,,,,,,
,, ,,,, ,Warren Rack PA,,,,,,,,,,,,,,,,,,,,,,,,,,,,,,,,,,,,,,,,,,,,,,,
,, ,,,, ,Waskom Rack TX,,,,,,,,,,,,,,,,,,,,,,,,,,,,,,,,,,,,,,,,,,,,,,,
,, ,,,, ,Wathena Rack KS,,,,,,,,,,,,,,,,,,,,,,,,,,,,,,,,,,,,,,,,,,,,,,,
,, ,,,, ,Waupun Rack WI,,,,,,,,,,,,,,,,,,,,,,,,,,,,,,,,,,,,,,,,,,,,,,,
,, ,,,, ,Wichita Falls Rack TX,,,,,,,,,,,,,,,,,,,,,,,,,,,,,,,,,,,,,,,,,,,,,,,
,, ,,,, ,Whiting Rack IA,,,,,,,,,,,,,,,,,,,,,,,,,,,,,,,,,,,,,,,,,,,,,,,
,, ,,,, ,Wichita Rack KS,,,,,,,,,,,,,,,,,,,,,,,,,,,,,,,,,,,,,,,,,,,,,,,
,, ,,,, ,Wilmington Rack DE,,,,,,,,,,,,,,,,,,,,,,,,,,,,,,,,,,,,,,,,,,,,,,,
,, ,,,, ,Princeton Rack IN,,,,,,,,,,,,,,,,,,,,,,,,,,,,,,,,,,,,,,,,,,,,,,,
,, ,,,, ,West Memphis Rack AR,,,,,,,,,,,,,,,,,,,,,,,,,,,,,,,,,,,,,,,,,,,,,,,
,, ,,,, ,Williamsport Rack PA,,,,,,,,,,,,,,,,,,,,,,,,,,,,,,,,,,,,,,,,,,,,,,,
,, ,,,, ,Wolsey Rack SD,,,,,,,,,,,,,,,,,,,,,,,,,,,,,,,,,,,,,,,,,,,,,,,
,, ,,,, ,Waterloo Rack IA,,,,,,,,,,,,,,,,,,,,,,,,,,,,,,,,,,,,,,,,,,,,,,,
,, ,,,, ,Watertown Rack SD,,,,,,,,,,,,,,,,,,,,,,,,,,,,,,,,,,,,,,,,,,,,,,,
,, ,,,, ,Wynnewood Rack OK,,,,,,,,,,,,,,,,,,,,,,,,,,,,,,,,,,,,,,,,,,,,,,,
,, ,,,, ,Yankton Rack SD,,,,,,,,,,,,,,,,,,,,,,,,,,,,,,,,,,,,,,,,,,,,,,,
,, ,,,, ,Youngstown Rack OH,,,,,,,,,,,,,,,,,,,,,,,,,,,,,,,,,,,,,,,,,,,,,,,
,, ,,,, ,Honolulu Rack HI,,,,,,,,,,,,,,,,,,,,,,,,,,,,,,,,,,,,,,,,,,,,,,,
,, ,,,, ,South Portland Rack ME,,,,,,,,,,,,,,,,,,,,,,,,,,,,,,,,,,,,,,,,,,,,,,,
,, ,,,, ,Sidney Rack NE,,,,,,,,,,,,,,,,,,,,,,,,,,,,,,,,,,,,,,,,,,,,,,,
